label,text
ham,"Hi, are we still meeting at 5 pm today?"
ham,"Please send me the project report before lunch."
ham,"Your appointment is confirmed for tomorrow at 10 AM."
ham,"Can you call me when you reach the college?"
ham,"The meeting room has changed to Block B."
ham,"Thanks for sharing the notes. I will review them tonight."
ham,"Your package will be delivered tomorrow between 2 and 5 PM."
ham,"Please submit the assignment before Friday."
ham,"Dinner is ready. Come home when you finish."
ham,"The team discussion starts at 3 pm."
ham,"I have attached the presentation for your review."
ham,"Reminder: bring your ID card for the event."
ham,"Could you help me with the Python program?"
ham,"Your electricity bill payment was received successfully."
ham,"Let's discuss the internship details tomorrow."
ham,"The train is arriving at platform two."
ham,"Please confirm your attendance for the workshop."
ham,"I am sending the updated timetable."
ham,"Your order has been shipped and is on the way."
ham,"See you at the library after class."
spam,"Congratulations! You have won a free prize. Click now to claim."
spam,"URGENT! You won a cash reward. Send your details to receive it."
spam,"Get a FREE gift card today. Limited time offer!"
spam,"You have been selected for a special bonus. Claim now."
spam,"WINNER! Call this number immediately to collect your prize."
spam,"Exclusive offer! Buy now and get 90 percent discount."
spam,"You are lucky! Your mobile number won a cash prize."
spam,"FREE entry! Text WIN to receive your reward."
spam,"Claim your guaranteed money now. Click the link."
spam,"Congratulations winner, your reward is waiting."
spam,"Act now! Limited offer expires today. Get your free voucher."
spam,"You have won a lottery prize. Contact us immediately."
spam,"Earn money fast from home. Register now for free."
spam,"Special promotion: claim your bonus before midnight."
spam,"FREE vacation package! You have been selected."
spam,"Urgent account notice: verify your details to receive your reward."
spam,"Exclusive cash offer available now. Claim immediately."
spam,"Get a free coupon by clicking this link today."
spam,"You are the chosen winner of our monthly prize."
spam,"Limited time deal! Click now for a free gift."
